date,year,carrier_code,carrier_name,alliance,aircraft_type,flight_no,origin_iata,dest_iata,tail,review_url,origin_name,origin_city,origin_state,origin_country,origin_lat,origin_lon,dest_name,dest_city,dest_state,dest_country,dest_lat,dest_lon
20131123,2013,UA,United Airlines,Star Alliance,B753,UA1165,LAX,EWR,N75851,,Los Angeles International Airport,Los Angeles,California,United States,33.942501,-118.407997,Newark Liberty International Airport,Newark / Elizabeth,New Jersey,United States,40.6894,-74.170545
20131124,2013,UA,United Airlines,Star Alliance,E145,UA4101,EWR,ALB,N16178,,Newark Liberty International Airport,Newark / Elizabeth,New Jersey,United States,40.6894,-74.170545,Albany International Airport,Albany / Colonie,New York,United States,42.748299,-73.801697
20131126,2013,US,US Airways,One World,E175,US3275,ALB,PHL,TBD,,Albany International Airport,Albany / Colonie,New York,United States,42.748299,-73.801697,Philadelphia International Airport,Philadelphia,Pennsylvania,United States,39.871899,-75.241096
20131126,2013,US,US Airways,One World,A319,US1744,PHL,BOS,N763US,,Philadelphia International Airport,Philadelphia,Pennsylvania,United States,39.871899,-75.241096,Boston Logan International Airport,Boston,Massachusetts,United States,42.36197,-71.0079
20131128,2013,WN,Southwest Airlines,Independent,B738,WN363,MHT,MDW,N8617E,,Manchester-Boston Regional Airport,Manchester,New Hampshire,United States,42.932598,-71.435699,Chicago Midway International Airport,Chicago,Illinois,United States,41.785999,-87.752403
20131128,2013,US,US Airways,One World,B738,WN2938,MDW,SAN,N8326F,,Chicago Midway International Airport,Chicago,Illinois,United States,41.785999,-87.752403,San Diego International Airport,San Diego,California,United States,32.733601,-117.190002
20140501,2014,US,US Airways,One World,A319,US1811,ALB,CLT,N757UW,,Albany International Airport,Albany / Colonie,New York,United States,42.748299,-73.801697,Charlotte Douglas International Airport,Charlotte,North Carolina,United States,35.214001,-80.9431
20140501,2014,US,US Airways,One World,A321,US0721,CLT,LAX,N174US,,Charlotte Douglas International Airport,Charlotte,North Carolina,United States,35.214001,-80.9431,Los Angeles International Airport,Los Angeles,California,United States,33.942501,-118.407997
20140505,2014,US,US Airways,One World,A321,US670,SAN,PHL,N548UW,,San Diego International Airport,San Diego,California,United States,32.733601,-117.190002,Philadelphia International Airport,Philadelphia,Pennsylvania,United States,39.871899,-75.241096
20140505,2014,US,US Airways,One World,TBD,US3306,PHL,ALB,TBD,,Philadelphia International Airport,Philadelphia,Pennsylvania,United States,39.871899,-75.241096,Albany International Airport,Albany / Colonie,New York,United States,42.748299,-73.801697
20150117,2015,WN,Southwest Airlines,Independent,B738,WN3589,ALB,MDW,N8301J,,Albany International Airport,Albany / Colonie,New York,United States,42.748299,-73.801697,Chicago Midway International Airport,Chicago,Illinois,United States,41.785999,-87.752403
20150117,2015,WN,Southwest Airlines,Independent,B738,WN2480,MDW,SAN,N8615E,,Chicago Midway International Airport,Chicago,Illinois,United States,41.785999,-87.752403,San Diego International Airport,San Diego,California,United States,32.733601,-117.190002
20150124,2015,WN,Southwest Airlines,Independent,B738,WN4695,SAN,MDW,N8638A,,San Diego International Airport,San Diego,California,United States,32.733601,-117.190002,Chicago Midway International Airport,Chicago,Illinois,United States,41.785999,-87.752403
20150124,2015,WN,Southwest Airlines,Independent,B737,WN2754,MDW,ALB,N7714B,,Chicago Midway International Airport,Chicago,Illinois,United States,41.785999,-87.752403,Albany International Airport,Albany / Colonie,New York,United States,42.748299,-73.801697
20151216,2015,WN,Southwest Airlines,Independent,B738,WN2787,ALB,MCO,N8319F,,Albany International Airport,Albany / Colonie,New York,United States,42.748299,-73.801697,Orlando International Airport,Orlando,Florida,United States,28.429399,-81.308998
20151216,2015,WN,Southwest Airlines,Independent,B738,WN263,MCO,HOU,N8637A,,Orlando International Airport,Orlando,Florida,United States,28.429399,-81.308998,William P. Hobby Airport,Houston,Texas,United States,29.645336,-95.276812
20151216,2015,WN,Southwest Airlines,Independent,B738,WN263,HOU,LAX,N8637A,,William P. Hobby Airport,Houston,Texas,United States,29.645336,-95.276812,Los Angeles International Airport,Los Angeles,California,United States,33.942501,-118.407997
20151226,2015,WN,Southwest Airlines,Independent,B738,WN4417,SAN,BWI,N8303R,,San Diego International Airport,San Diego,California,United States,32.733601,-117.190002,Baltimore/Washington International Thurgood Marshall Airport,Linthicum / Baltimore,Maryland,United States,39.1754,-76.668297
20151226,2015,WN,Southwest Airlines,Independent,B737,WN4489,BWI,ALB,N218WN,,Baltimore/Washington International Thurgood Marshall Airport,Linthicum / Baltimore,Maryland,United States,39.1754,-76.668297,Albany International Airport,Albany / Colonie,New York,United States,42.748299,-73.801697
20160621,2016,WN,Southwest Airlines,Independent,B738,WN2675,ALB,MDW,N8667D,,Albany International Airport,Albany / Colonie,New York,United States,42.748299,-73.801697,Chicago Midway International Airport,Chicago,Illinois,United States,41.785999,-87.752403
20160621,2016,WN,Southwest Airlines,Independent,B737,WN759,MDW,SNA,N732SW,,Chicago Midway International Airport,Chicago,Illinois,United States,41.785999,-87.752403,John Wayne Orange County International Airport,Santa Ana,California,United States,33.675063,-117.869281
20160704,2016,WN,Southwest Airlines,Independent,B737,WN2838,SNA,LAS,N709SW,,John Wayne Orange County International Airport,Santa Ana,California,United States,33.675063,-117.869281,Harry Reid International Airport,Las Vegas / Paradise,Nevada,United States,36.083361,-115.151817
20160704,2016,WN,Southwest Airlines,Independent,B737,WN1972,LAS,ALB,N744SW,,Harry Reid International Airport,Las Vegas / Paradise,Nevada,United States,36.083361,-115.151817,Albany International Airport,Albany / Colonie,New York,United States,42.748299,-73.801697
20170106,2017,WN,Southwest Airlines,Independent,B737,WN591,BOS,AUS,N287WN,,Boston Logan International Airport,Boston,Massachusetts,United States,42.36197,-71.0079,Austin Bergstrom International Airport,Austin,Texas,United States,30.197535,-97.662015
20170106,2017,WN,Southwest Airlines,Independent,B738,WN235,AUS,SAN,N8673F,,Austin Bergstrom International Airport,Austin,Texas,United States,30.197535,-97.662015,San Diego International Airport,San Diego,California,United States,32.733601,-117.190002
20170114,2017,WN,Southwest Airlines,Independent,B737,WN4309,MDW,BOS,N287WN,,Chicago Midway International Airport,Chicago,Illinois,United States,41.785999,-87.752403,Boston Logan International Airport,Boston,Massachusetts,United States,42.36197,-71.0079
20170620,2017,WN,Southwest Airlines,Independent,B737,WN6542,ALB,BWI,N640SW,,Albany International Airport,Albany / Colonie,New York,United States,42.748299,-73.801697,Baltimore/Washington International Thurgood Marshall Airport,Linthicum / Baltimore,Maryland,United States,39.1754,-76.668297
20170620,2017,WN,Southwest Airlines,Independent,B737,WN1755,BWI,ORF,N929WN,,Baltimore/Washington International Thurgood Marshall Airport,Linthicum / Baltimore,Maryland,United States,39.1754,-76.668297,Norfolk International Airport,Norfolk,Virginia,United States,36.8956,-76.1989
20170803,2017,WN,Southwest Airlines,Independent,B738,WN129,ALB,MDW,N8620H,,Albany International Airport,Albany / Colonie,New York,United States,42.748299,-73.801697,Chicago Midway International Airport,Chicago,Illinois,United States,41.785999,-87.752403
20170803,2017,WN,Southwest Airlines,Independent,B737,WN1895,MDW,SJC,N968WN,,Chicago Midway International Airport,Chicago,Illinois,United States,41.785999,-87.752403,San Jose International Airport,San Jose,California,United States,37.36278,-121.92917
20170819,2017,WN,Southwest Airlines,Independent,B737,WN506,SAN,DEN,N959WN,,San Diego International Airport,San Diego,California,United States,32.733601,-117.190002,Denver International Airport,Denver,Colorado,United States,39.860027,-104.673792
20170819,2017,WN,Southwest Airlines,Independent,B737,WN483,DEN,ALB,N706SW,,Denver International Airport,Denver,Colorado,United States,39.860027,-104.673792,Albany International Airport,Albany / Colonie,New York,United States,42.748299,-73.801697
20180104,2018,WN,Southwest Airlines,Independent,B738,WN129,ALB,MDW,N8681M,,Albany International Airport,Albany / Colonie,New York,United States,42.748299,-73.801697,Chicago Midway International Airport,Chicago,Illinois,United States,41.785999,-87.752403
20180104,2018,WN,Southwest Airlines,Independent,B737,WN1576,MDW,LAX,N707SA,,Chicago Midway International Airport,Chicago,Illinois,United States,41.785999,-87.752403,Los Angeles International Airport,Los Angeles,California,United States,33.942501,-118.407997
20180110,2018,WN,Southwest Airlines,Independent,B738,WN868,LAX,BWI,N211WN,,Los Angeles International Airport,Los Angeles,California,United States,33.942501,-118.407997,Baltimore/Washington International Thurgood Marshall Airport,Linthicum / Baltimore,Maryland,United States,39.1754,-76.668297
20180110,2018,WN,Southwest Airlines,Independent,B738,WN250,BWI,ALB,N8650F,,Baltimore/Washington International Thurgood Marshall Airport,Linthicum / Baltimore,Maryland,United States,39.1754,-76.668297,Albany International Airport,Albany / Colonie,New York,United States,42.748299,-73.801697
20180915,2018,WN,Southwest Airlines,Independent,B737,WN6082,ALB,BWI,N208WN,,Albany International Airport,Albany / Colonie,New York,United States,42.748299,-73.801697,Baltimore/Washington International Thurgood Marshall Airport,Linthicum / Baltimore,Maryland,United States,39.1754,-76.668297
20180915,2018,WN,Southwest Airlines,Independent,B738,WN3659,BWI,FLL,N8648A,,Baltimore/Washington International Thurgood Marshall Airport,Linthicum / Baltimore,Maryland,United States,39.1754,-76.668297,Fort Lauderdale-Hollywood International Airport,Fort Lauderdale,Florida,United States,26.072599,-80.152702
20180923,2018,WN,Southwest Airlines,Independent,B738,WN3048,FLL,BWI,N8680C,,Fort Lauderdale-Hollywood International Airport,Fort Lauderdale,Florida,United States,26.072599,-80.152702,Baltimore/Washington International Thurgood Marshall Airport,Linthicum / Baltimore,Maryland,United States,39.1754,-76.668297
20180923,2018,WN,Southwest Airlines,Independent,B738,WN6474,BWI,ALB,N8691A,,Baltimore/Washington International Thurgood Marshall Airport,Linthicum / Baltimore,Maryland,United States,39.1754,-76.668297,Albany International Airport,Albany / Colonie,New York,United States,42.748299,-73.801697
20190427,2019,DL,Delta Air Lines,SkyTeam,MD88,DAL2161,ALB,ATL,N968DL,,Albany International Airport,Albany / Colonie,New York,United States,42.748299,-73.801697,Hartsfield-Jackson Atlanta International Airport,Atlanta,Georgia,United States,33.6367,-84.428101
20190430,2019,DL,Delta Air Lines,SkyTeam,A320,DAL1262,ATL,DTW,N337NW,,Hartsfield-Jackson Atlanta International Airport,Atlanta,Georgia,United States,33.6367,-84.428101,Detroit Metropolitan Wayne County Airport,Romulus / Detroit,Michigan,United States,42.21377,-83.353786
20190430,2019,DL,Delta Air Lines,SkyTeam,A320,DAL2920,DTW,ALB,N347NW,,Detroit Metropolitan Wayne County Airport,Romulus / Detroit,Michigan,United States,42.21377,-83.353786,Albany International Airport,Albany / Colonie,New York,United States,42.748299,-73.801697
20190927,2019,DL,Delta Air Lines,SkyTeam,A320,DAL1863,ATL,MIA,N367NW,,Hartsfield-Jackson Atlanta International Airport,Atlanta,Georgia,United States,33.6367,-84.428101,Miami International Airport,Miami,Florida,United States,25.796011,-80.289751
20191005,2019,DL,Delta Air Lines,SkyTeam,A320,DAL1460,MIA,ATL,N338NW,,Miami International Airport,Miami,Florida,United States,25.796011,-80.289751,Hartsfield-Jackson Atlanta International Airport,Atlanta,Georgia,United States,33.6367,-84.428101
20191221,2019,DL,Delta Air Lines,SkyTeam,B738,DAL2174,ATL,ALB,N395DN,,Hartsfield-Jackson Atlanta International Airport,Atlanta,Georgia,United States,33.6367,-84.428101,Albany International Airport,Albany / Colonie,New York,United States,42.748299,-73.801697
20191225,2019,DL,Delta Air Lines,SkyTeam,MD88,DAL1771,ALB,ATL,N994DL,,Albany International Airport,Albany / Colonie,New York,United States,42.748299,-73.801697,Hartsfield-Jackson Atlanta International Airport,Atlanta,Georgia,United States,33.6367,-84.428101
20200813,2020,DL,Delta Air Lines,SkyTeam,A321,DAL1830,ATL,BOS,N305DN,,Hartsfield-Jackson Atlanta International Airport,Atlanta,Georgia,United States,33.6367,-84.428101,Boston Logan International Airport,Boston,Massachusetts,United States,42.36197,-71.0079
20200816,2020,WN,Southwest Airlines,Independent,B738,SWA148,MHT,BWI,N8523W,,Manchester-Boston Regional Airport,Manchester,New Hampshire,United States,42.932598,-71.435699,Baltimore/Washington International Thurgood Marshall Airport,Linthicum / Baltimore,Maryland,United States,39.1754,-76.668297
20200816,2020,WN,Southwest Airlines,Independent,B737,SWA1603,BWI,ATL,N7811F,,Baltimore/Washington International Thurgood Marshall Airport,Linthicum / Baltimore,Maryland,United States,39.1754,-76.668297,Hartsfield-Jackson Atlanta International Airport,Atlanta,Georgia,United States,33.6367,-84.428101
20201113,2020,DL,Delta Air Lines,SkyTeam,B763,DAL363,ATL,LAX,N191DN,,Hartsfield-Jackson Atlanta International Airport,Atlanta,Georgia,United States,33.6367,-84.428101,Los Angeles International Airport,Los Angeles,California,United States,33.942501,-118.407997
20201118,2020,DL,Delta Air Lines,SkyTeam,B753,DAL798,SAN,ATL,N584NW,,San Diego International Airport,San Diego,California,United States,32.733601,-117.190002,Hartsfield-Jackson Atlanta International Airport,Atlanta,Georgia,United States,33.6367,-84.428101
20201223,2020,DL,Delta Air Lines,SkyTeam,A320,DAL1231,ATL,ALB,N359NW,,Hartsfield-Jackson Atlanta International Airport,Atlanta,Georgia,United States,33.6367,-84.428101,Albany International Airport,Albany / Colonie,New York,United States,42.748299,-73.801697
20201228,2020,AA,American Airlines,One World,E175,YX4957,ALB,CLT,N127HQ,,Albany International Airport,Albany / Colonie,New York,United States,42.748299,-73.801697,Charlotte Douglas International Airport,Charlotte,North Carolina,United States,35.214001,-80.9431
20201228,2020,AA,American Airlines,One World,E175,YX4731,CLT,ATL,N437YX,,Charlotte Douglas International Airport,Charlotte,North Carolina,United States,35.214001,-80.9431,Hartsfield-Jackson Atlanta International Airport,Atlanta,Georgia,United States,33.6367,-84.428101
20210609,2021,AA,American Airlines,One World,B738,AA621,ATL,PHX,N357PV,,Hartsfield-Jackson Atlanta International Airport,Atlanta,Georgia,United States,33.6367,-84.428101,Phoenix Sky Harbor International Airport,Phoenix,Arizona,United States,33.435302,-112.005905
20210609,2021,AA,American Airlines,One World,A321,AA559,PHX,SAN,N519UW,,Phoenix Sky Harbor International Airport,Phoenix,Arizona,United States,33.435302,-112.005905,San Diego International Airport,San Diego,California,United States,32.733601,-117.190002
20210614,2021,XE,JSX,Independent,E135,XE621,SAN,LAS,N263JX,,San Diego International Airport,San Diego,California,United States,32.733601,-117.190002,Harry Reid International Airport,Las Vegas / Paradise,Nevada,United States,36.083361,-115.151817
20210615,2021,DL,Delta Air Lines,SkyTeam,B763,DAL863,LAS,ATL,N195DN,,Harry Reid International Airport,Las Vegas / Paradise,Nevada,United States,36.083361,-115.151817,Hartsfield-Jackson Atlanta International Airport,Atlanta,Georgia,United States,33.6367,-84.428101
20211001,2021,DL,Delta Air Lines,SkyTeam,B764,DAL385,ATL,SLC,N830MH,,Hartsfield-Jackson Atlanta International Airport,Atlanta,Georgia,United States,33.6367,-84.428101,Salt Lake City International Airport,Salt Lake City,Utah,United States,40.78886,-111.979866
20211001,2021,DL,Delta Air Lines,SkyTeam,CRJ2,DAL4316,SLC,SGU,N439SW,,Salt Lake City International Airport,Salt Lake City,Utah,United States,40.78886,-111.979866,St George Regional Airport,St George,Utah,United States,37.036389,-113.510306
20211004,2021,DL,Delta Air Lines,SkyTeam,CRJ2,DAL4318,SGU,SLC,N477CA,,St George Regional Airport,St George,Utah,United States,37.036389,-113.510306,Salt Lake City International Airport,Salt Lake City,Utah,United States,40.78886,-111.979866
20211004,2021,DL,Delta Air Lines,SkyTeam,B764,DAL400,SLC,ATL,N836MH,,Salt Lake City International Airport,Salt Lake City,Utah,United States,40.78886,-111.979866,Hartsfield-Jackson Atlanta International Airport,Atlanta,Georgia,United States,33.6367,-84.428101
20211210,2021,DL,Delta Air Lines,SkyTeam,A320,DAL2894,ATL,ALB,N347NW,,Hartsfield-Jackson Atlanta International Airport,Atlanta,Georgia,United States,33.6367,-84.428101,Albany International Airport,Albany / Colonie,New York,United States,42.748299,-73.801697
20211212,2021,DL,Delta Air Lines,SkyTeam,A320,DAL2894,ALB,ATL,N352NW,,Albany International Airport,Albany / Colonie,New York,United States,42.748299,-73.801697,Hartsfield-Jackson Atlanta International Airport,Atlanta,Georgia,United States,33.6367,-84.428101
20220122,2022,DL,Delta Air Lines,SkyTeam,A320,DAL2062,ATL,ALB,N373NW,,Hartsfield-Jackson Atlanta International Airport,Atlanta,Georgia,United States,33.6367,-84.428101,Albany International Airport,Albany / Colonie,New York,United States,42.748299,-73.801697
20220125,2022,DL,Delta Air Lines,SkyTeam,A320,DAL2894,ALB,ATL,N358NW,,Albany International Airport,Albany / Colonie,New York,United States,42.748299,-73.801697,Hartsfield-Jackson Atlanta International Airport,Atlanta,Georgia,United States,33.6367,-84.428101
20220319,2022,DL,Delta Air Lines,SkyTeam,B752,DAL752,ATL,FLL,N6708D,,Hartsfield-Jackson Atlanta International Airport,Atlanta,Georgia,United States,33.6367,-84.428101,Fort Lauderdale-Hollywood International Airport,Fort Lauderdale,Florida,United States,26.072599,-80.152702
20220327,2022,DL,Delta Air Lines,SkyTeam,B752,DAL1221,FLL,ATL,N670DN,,Fort Lauderdale-Hollywood International Airport,Fort Lauderdale,Florida,United States,26.072599,-80.152702,Hartsfield-Jackson Atlanta International Airport,Atlanta,Georgia,United States,33.6367,-84.428101
20221118,2022,DL,Delta Air Lines,SkyTeam,A320,DAL1245,BWI,MSP,N366NW,,Baltimore/Washington International Thurgood Marshall Airport,Linthicum / Baltimore,Maryland,United States,39.1754,-76.668297,Minneapolis-Saint Paul International Airport,Minneapolis-Saint Paul,Minnesota,United States,44.880081,-93.221741
20221118,2022,DL,Delta Air Lines,SkyTeam,A321,DAL1454,MSP,SAN,N348DN,,Minneapolis-Saint Paul International Airport,Minneapolis-Saint Paul,Minnesota,United States,44.880081,-93.221741,San Diego International Airport,San Diego,California,United States,32.733601,-117.190002
20221123,2022,DL,Delta Air Lines,SkyTeam,A321,DAL744,SAN,DTW,N396DN,,San Diego International Airport,San Diego,California,United States,32.733601,-117.190002,Detroit Metropolitan Wayne County Airport,Romulus / Detroit,Michigan,United States,42.21377,-83.353786
20221124,2022,DL,Delta Air Lines,SkyTeam,B739,DAL1331,DTW,BWI,N873DN,,Detroit Metropolitan Wayne County Airport,Romulus / Detroit,Michigan,United States,42.21377,-83.353786,Baltimore/Washington International Thurgood Marshall Airport,Linthicum / Baltimore,Maryland,United States,39.1754,-76.668297
20230217,2023,DL,Delta Air Lines,SkyTeam,E175,DAL5769,DCA,BOS,N210JQ,,Ronald Reagan Washington National Airport,"Arlington / Washington, DC",Virginia,United States,38.8521,-77.037697,Boston Logan International Airport,Boston,Massachusetts,United States,42.36197,-71.0079
20230222,2023,DL,Delta Air Lines,SkyTeam,E175,DAL5806,BOS,DCA,N235JQ,,Boston Logan International Airport,Boston,Massachusetts,United States,42.36197,-71.0079,Ronald Reagan Washington National Airport,"Arlington / Washington, DC",Virginia,United States,38.8521,-77.037697
20230226,2023,DL,Delta Air Lines,SkyTeam,A319,DAL2560,DCA,MSP,N339NB,,Ronald Reagan Washington National Airport,"Arlington / Washington, DC",Virginia,United States,38.8521,-77.037697,Minneapolis-Saint Paul International Airport,Minneapolis-Saint Paul,Minnesota,United States,44.880081,-93.221741
20230226,2023,DL,Delta Air Lines,SkyTeam,A21N,DAL756,MSP,LAX,,,Minneapolis-Saint Paul International Airport,Minneapolis-Saint Paul,Minnesota,United States,44.880081,-93.221741,Los Angeles International Airport,Los Angeles,California,United States,33.942501,-118.407997
20230226,2023,SQ,Singapore Airlines,Star Alliance,A359,SQ35,LAX,SIN,9V-SJD,https://youtu.be/wpRh5pKf0r8,Los Angeles International Airport,Los Angeles,California,United States,33.942501,-118.407997,Singapore Changi Airport,Singapore,Singapore,Singapore,1.35019,103.994003
20230228,2023,SQ,Singapore Airlines,Star Alliance,B38M,SQ251,SIN,DRW,9V-MBF,https://youtu.be/LmP0NeKreXU,Singapore Changi Airport,Singapore,Singapore,Singapore,1.35019,103.994003,Darwin International Airport,Darwin,Northern Territory,Australia,-12.41497,130.88185
20230301,2023,QF,Qantas,One World,E190,QF1919,DRW,BNE,VH-UYN,,Darwin International Airport,Darwin,Northern Territory,Australia,-12.41497,130.88185,Brisbane Airport,Brisbane,Queensland,Australia,-27.384199,153.117004
20230310,2023,VA,Virgin Australia,Independent,B738,VOZ960,BNE,SYD,VH-VUJ,https://youtu.be/5PfNHkhaDOM?si=lJsME0NjgiUoKYLr,Brisbane Airport,Brisbane,Queensland,Australia,-27.384199,153.117004,Sydney Kingsford Smith Airport,Sydney,New South Wales,Australia,-33.946098,151.177002
20230310,2023,HA,Hawaiian Airlines,Independent,A332,HAL452,SYD,HNL,N386HA,https://www.youtube.com/watch?v=MtMVQRbqXBE&t=227s,Sydney Kingsford Smith Airport,Sydney,New South Wales,Australia,-33.946098,151.177002,Daniel K. Inouye International Airport,Honolulu,Hawaii,United States,21.318387,-157.92567
20230310,2023,HA,Hawaiian Airlines,Independent,B717,HAL318,HNL,KOA,N490HA,,Daniel K. Inouye International Airport,Honolulu,Hawaii,United States,21.318387,-157.92567,Ellison Onizuka Kona International Airport at Keahole,Kailua-Kona / Kalaoa,Hawaii,United States,19.738783,-156.045603
20230310,2023,HA,Hawaiian Airlines,Independent,A21N,HAL62,KOA,LAX,N218HA,https://youtu.be/pu80zYTB0ro?si=Laa7f8keKZK63any,Ellison Onizuka Kona International Airport at Keahole,Kailua-Kona / Kalaoa,Hawaii,United States,19.738783,-156.045603,Los Angeles International Airport,Los Angeles,California,United States,33.942501,-118.407997
20230311,2023,DL,Delta Air Lines,SkyTeam,B752,DAL380,LAX,DCA,N710TW,,Los Angeles International Airport,Los Angeles,California,United States,33.942501,-118.407997,Ronald Reagan Washington National Airport,"Arlington / Washington, DC",Virginia,United States,38.8521,-77.037697
20230506,2023,DL,Delta Air Lines,SkyTeam,A319,DAL513,DCA,ATL,N368NB,,Ronald Reagan Washington National Airport,"Arlington / Washington, DC",Virginia,United States,38.8521,-77.037697,Hartsfield-Jackson Atlanta International Airport,Atlanta,Georgia,United States,33.6367,-84.428101
20230506,2023,DL,Delta Air Lines,SkyTeam,B752,DAL1709,ATL,FLL,N679DA,,Hartsfield-Jackson Atlanta International Airport,Atlanta,Georgia,United States,33.6367,-84.428101,Fort Lauderdale-Hollywood International Airport,Fort Lauderdale,Florida,United States,26.072599,-80.152702
20230506,2023,3M,Silver Airways,Independent,AT72,3M66,FLL,MCO,N705SV,,Fort Lauderdale-Hollywood International Airport,Fort Lauderdale,Florida,United States,26.072599,-80.152702,Orlando International Airport,Orlando,Florida,United States,28.429399,-81.308998
20230506,2023,DL,Delta Air Lines,SkyTeam,A321,DAL2193,MCO,JFK,N115DN,,Orlando International Airport,Orlando,Florida,United States,28.429399,-81.308998,John F. Kennedy International Airport,New York,New York,United States,40.639447,-73.779317
20230506,2023,DL,Delta Air Lines,SkyTeam,E175,DAL5672,JFK,DCA,N226JQ,,John F. Kennedy International Airport,New York,New York,United States,40.639447,-73.779317,Ronald Reagan Washington National Airport,"Arlington / Washington, DC",Virginia,United States,38.8521,-77.037697
20230616,2023,DL,Delta Air Lines,SkyTeam,CRJ9,DAL5088,IAD,JFK,N197PQ,,Washington Dulles International Airport,"Dulles / Washington, DC",Virginia,United States,38.9445,-77.455803,John F. Kennedy International Airport,New York,New York,United States,40.639447,-73.779317
20230616,2023,LA,LATAM,SkyTeam,B789,LA8181,JFK,GRU,CC-BGH,https://youtu.be/svv-lEtPUY4,John F. Kennedy International Airport,New York,New York,United States,40.639447,-73.779317,Sao Paulo/Guarulhos-Governador Andre Franco Montoro International Airport,Guarulhos / Sao Paulo,Sao Paulo,Brazil,-23.431274,-46.469954
20230618,2023,LA,LATAM,SkyTeam,A320,LA8004,GRU,LIM,PR-TYU,https://youtu.be/unIeeYKEgPs,Sao Paulo/Guarulhos-Governador Andre Franco Montoro International Airport,Guarulhos / Sao Paulo,Sao Paulo,Brazil,-23.431274,-46.469954,Jorge Chavez International Airport,Callao / Lima,Callao,Peru,-12.0219,-77.114305
20230618,2023,DL,Delta Air Lines,SkyTeam,A359,DAL0150,LIM,ATL,N575DZ,,Jorge Chavez International Airport,Callao / Lima,Callao,Peru,-12.0219,-77.114305,Hartsfield-Jackson Atlanta International Airport,Atlanta,Georgia,United States,33.6367,-84.428101
20230618,2023,DL,Delta Air Lines,SkyTeam,A320,DAL1206,ATL,IAD,N333NW,,Hartsfield-Jackson Atlanta International Airport,Atlanta,Georgia,United States,33.6367,-84.428101,Washington Dulles International Airport,"Dulles / Washington, DC",Virginia,United States,38.9445,-77.455803
20230707,2023,DL,Delta Air Lines,SkyTeam,A320,DAL2847,DCA,DTW,N320US,,Ronald Reagan Washington National Airport,"Arlington / Washington, DC",Virginia,United States,38.8521,-77.037697,Detroit Metropolitan Wayne County Airport,Romulus / Detroit,Michigan,United States,42.21377,-83.353786
20230707,2023,DL,Delta Air Lines,SkyTeam,A321,DAL866,DTW,SAN,N324DX,,Detroit Metropolitan Wayne County Airport,Romulus / Detroit,Michigan,United States,42.21377,-83.353786,San Diego International Airport,San Diego,California,United States,32.733601,-117.190002
20230711,2023,DL,Delta Air Lines,SkyTeam,A321,DAL392,ATL,DCA,N383DZ,,Hartsfield-Jackson Atlanta International Airport,Atlanta,Georgia,United States,33.6367,-84.428101,Ronald Reagan Washington National Airport,"Arlington / Washington, DC",Virginia,United States,38.8521,-77.037697
20230908,2023,DL,Delta Air Lines,SkyTeam,B752,DAL350,DCA,LAX,N704X,,Ronald Reagan Washington National Airport,"Arlington / Washington, DC",Virginia,United States,38.8521,-77.037697,Los Angeles International Airport,Los Angeles,California,United States,33.942501,-118.407997
20230909,2023,DL,Delta Air Lines,SkyTeam,B738,DAL2130,ONT,SEA,N397DA,,Ontario International Airport,Ontario,California,United States,34.056,-117.600998,Seattle-Tacoma International Airport,SeaTac / Seattle-Tacoma,Washington,United States,47.447943,-122.310276
20230909,2023,DL,Delta Air Lines,SkyTeam,A21N,DAL539,SEA,MCO,N505DZ,,Seattle-Tacoma International Airport,SeaTac / Seattle-Tacoma,Washington,United States,47.447943,-122.310276,Orlando International Airport,Orlando,Florida,United States,28.429399,-81.308998
20230910,2023,XP,Avelo Airlines,Independent,A738,XP641,MCO,RDU,N805VL,,Orlando International Airport,Orlando,Florida,United States,28.429399,-81.308998,Raleigh-Durham International Airport,Morrisville / Raleigh-Durham,North Carolina,United States,35.878659,-78.7873
20230911,2023,DL,Delta Air Lines,SkyTeam,CRJ9,DAL5006,RDU,DCA,N181GJ,,Raleigh-Durham International Airport,Morrisville / Raleigh-Durham,North Carolina,United States,35.878659,-78.7873,Ronald Reagan Washington National Airport,"Arlington / Washington, DC",Virginia,United States,38.8521,-77.037697
20231110,2023,SY,Suncountry Airlines,Independent,A737,SY194,BWI,MSP,N808SY,,Baltimore/Washington International Thurgood Marshall Airport,Linthicum / Baltimore,Maryland,United States,39.1754,-76.668297,Minneapolis-Saint Paul International Airport,Minneapolis-Saint Paul,Minnesota,United States,44.880081,-93.221741
20231111,2023,DL,Delta Air Lines,SkyTeam,A752,DAL1604,MSP,ATL,N660DL,,Minneapolis-Saint Paul International Airport,Minneapolis-Saint Paul,Minnesota,United States,44.880081,-93.221741,Hartsfield-Jackson Atlanta International Airport,Atlanta,Georgia,United States,33.6367,-84.428101
20231111,2023,DL,Delta Air Lines,SkyTeam,A752,DAL2711,ATL,BWI,N820DX,,Hartsfield-Jackson Atlanta International Airport,Atlanta,Georgia,United States,33.6367,-84.428101,Baltimore/Washington International Thurgood Marshall Airport,Linthicum / Baltimore,Maryland,United States,39.1754,-76.668297
20231130,2023,DL,Delta Air Lines,SkyTeam,A738,DAL964,IAD,ATL,N3771K,,Washington Dulles International Airport,"Dulles / Washington, DC",Virginia,United States,38.9445,-77.455803,Hartsfield-Jackson Atlanta International Airport,Atlanta,Georgia,United States,33.6367,-84.428101
20231130,2023,DL,Delta Air Lines,SkyTeam,A321,DAL894,ATL,SAN,N119DN,,Hartsfield-Jackson Atlanta International Airport,Atlanta,Georgia,United States,33.6367,-84.428101,San Diego International Airport,San Diego,California,United States,32.733601,-117.190002
20240110,2024,DL,Delta Air Lines,SkyTeam,E175,DAL5755,DCA,JFK,N210JQ,,Ronald Reagan Washington National Airport,"Arlington / Washington, DC",Virginia,United States,38.8521,-77.037697,John F. Kennedy International Airport,New York,New York,United States,40.639447,-73.779317
20240110,2024,DL,Delta Air Lines,SkyTeam,B752,DAL1887,JFK,SXM,N542US,,John F. Kennedy International Airport,New York,New York,United States,40.639447,-73.779317,Princess Juliana International Airport,Simpson Bay,Sint Maarten,Sint Maarten,18.041,-63.108898
20240112,2024,AF,Air France,SkyTeam,A320,AF609,SXM,PTP,FGKXR,https://youtu.be/wo5SJZOkAs4,Princess Juliana International Airport,Simpson Bay,Sint Maarten,Sint Maarten,18.041,-63.108898,Guadeloupe Maryse Conde Airport / Pointe-a-Pitre International Airport,Les Abymes / Pointe-a-Pitre,Guadeloupe,Guadeloupe / France,16.265443,-61.532754
20240112,2024,TX,Air Caraibes,Independent,AT72,TX306,PTP,SFG,FOSIV,,Guadeloupe Maryse Conde Airport / Pointe-a-Pitre International Airport,Les Abymes / Pointe-a-Pitre,Guadeloupe,Guadeloupe / France,16.265443,-61.532754,Grand Case-Esperance Airport / L'Esperance Airport,Grand Case,Saint Martin,Saint Martin / France,18.100057,-63.047444
20240113,2024,SY,Suncountry Airlines,Independent,B738,SY732,SXM,MSP,N808SY,,Princess Juliana International Airport,Simpson Bay,Sint Maarten,Sint Maarten,18.041,-63.108898,Minneapolis-Saint Paul International Airport,Minneapolis-Saint Paul,Minnesota,United States,44.880081,-93.221741
20240114,2024,DL,Delta Air Lines,SkyTeam,A319,DAL1138,MSP,DCA,N331NB,,Minneapolis-Saint Paul International Airport,Minneapolis-Saint Paul,Minnesota,United States,44.880081,-93.221741,Ronald Reagan Washington National Airport,"Arlington / Washington, DC",Virginia,United States,38.8521,-77.037697
20240224,2024,DL,Delta Air Lines,SkyTeam,A321,DL2872,BWI,MSP,N382DN,,Baltimore/Washington International Thurgood Marshall Airport,Linthicum / Baltimore,Maryland,United States,39.1754,-76.668297,Minneapolis-Saint Paul International Airport,Minneapolis-Saint Paul,Minnesota,United States,44.880081,-93.221741
20240224,2024,DL,Delta Air Lines,SkyTeam,A319,DL611,MSP,MEX,N333NB,,Minneapolis-Saint Paul International Airport,Minneapolis-Saint Paul,Minnesota,United States,44.880081,-93.221741,Mexico City International Airport - Benito Juarez,Mexico City,Mexico City,Mexico,19.435822,-99.07033
20240224,2024,AM,Aeromexico,SkyTeam,B38M,AM352,MEX,MZT,XACCO,https://youtu.be/wcAHMpdQMPA,Mexico City International Airport - Benito Juarez,Mexico City,Mexico City,Mexico,19.435822,-99.07033,General Rafael Buelna International Airport,Mazatlan,Sinaloa,Mexico,23.162823,-106.264517
20240224,2024,Y4,Volaris,Independent,A21N,Y4593,MZT,TIJ,XAVUE,https://youtu.be/tp46pLkZy4c,General Rafael Buelna International Airport,Mazatlan,Sinaloa,Mexico,23.162823,-106.264517,Tijuana International Airport - General Abelardo L. Rodriguez,Tijuana,Baja California,Mexico,32.541043,-116.969976
20240228,2024,DL,Delta Air Lines,SkyTeam,A221,DL1363,SAN,SEA,N139DU,,San Diego International Airport,San Diego,California,United States,32.733601,-117.190002,Seattle-Tacoma International Airport,SeaTac / Seattle-Tacoma,Washington,United States,47.447943,-122.310276
20240228,2024,DL,Delta Air Lines,SkyTeam,B739,DL437,SEA,DTW,N857DZ,,Seattle-Tacoma International Airport,SeaTac / Seattle-Tacoma,Washington,United States,47.447943,-122.310276,Detroit Metropolitan Wayne County Airport,Romulus / Detroit,Michigan,United States,42.21377,-83.353786
20240228,2024,DL,Delta Air Lines,SkyTeam,B717,DL2965,DTW,BWI,N991AT,,Detroit Metropolitan Wayne County Airport,Romulus / Detroit,Michigan,United States,42.21377,-83.353786,Baltimore/Washington International Thurgood Marshall Airport,Linthicum / Baltimore,Maryland,United States,39.1754,-76.668297
20240413,2024,DL,Delta Air Lines,SkyTeam,B739,DAL2386,ATL,JFK,N810DN,,Hartsfield-Jackson Atlanta International Airport,Atlanta,Georgia,United States,33.6367,-84.428101,John F. Kennedy International Airport,New York,New York,United States,40.639447,-73.779317
20240414,2024,HA,Hawaiian Airlines,Independent,A332,HAL51,JFK,HNL,N389HA,https://youtu.be/dGX5TXcUNdU,John F. Kennedy International Airport,New York,New York,United States,40.639447,-73.779317,Daniel K. Inouye International Airport,Honolulu,Hawaii,United States,21.318387,-157.92567
20240415,2024,HA,Hawaiian Airlines,Independent,B788,HAL12,HNL,SFO,N781HA,https://youtu.be/h_u-wqkBFt8,Daniel K. Inouye International Airport,Honolulu,Hawaii,United States,21.318387,-157.92567,San Francisco International Airport,San Francisco / San Mateo County,California,United States,37.619806,-122.374821
20240415,2024,DL,Delta Air Lines,SkyTeam,B739,DAL1101,SFO,ATL,N896DN,,San Francisco International Airport,San Francisco / San Mateo County,California,United States,37.619806,-122.374821,Hartsfield-Jackson Atlanta International Airport,Atlanta,Georgia,United States,33.6367,-84.428101
20240912,2024,DL,Delta Air Lines,SkyTeam,B764,DAL30,ATL,LHR,N828MH,https://youtu.be/l-eK7AseFIs,Hartsfield-Jackson Atlanta International Airport,Atlanta,Georgia,United States,33.6367,-84.428101,London Heathrow Airport,London / Hillingdon,England,United Kingdom,51.470748,-0.459909
20240913,2024,KQ,Kenya Airways,SkyTeam,B788,KQA101,LHR,NBO,5Y-KZA,https://youtu.be/q_SE20Z4LXk,London Heathrow Airport,London / Hillingdon,England,United Kingdom,51.470748,-0.459909,Jomo Kenyatta International Airport,Nairobi,Nairobi County,Kenya,-1.318886,36.928233
20240914,2024,KQ,Kenya Airways,SkyTeam,E190,KQA654,NBO,KIS,5Y-FFK,,Jomo Kenyatta International Airport,Nairobi,Nairobi County,Kenya,-1.318886,36.928233,Kisumu International Airport,Kisumu,Kisumu County,Kenya,-0.086139,34.728901
20240920,2024,KQ,Kenya Airways,SkyTeam,E190,KQA671,KIS,NBO,5Y-FFA,,Kisumu International Airport,Kisumu,Kisumu County,Kenya,-0.086139,34.728901,Jomo Kenyatta International Airport,Nairobi,Nairobi County,Kenya,-1.318886,36.928233
20240921,2024,KQ,Kenya Airways,SkyTeam,B788,KQA112,NBO,CDG,5Y-KZH,,Jomo Kenyatta International Airport,Nairobi,Nairobi County,Kenya,-1.318886,36.928233,Paris Charles de Gaulle Airport,Roissy-en-France / Paris,Ile-de-France,France,49.00896,2.554117
20240921,2024,AF,Air France,SkyTeam,B773,AFR32,CDG,ATL,F-GZNO,https://youtu.be/4fB1k7HsEaI,Paris Charles de Gaulle Airport,Roissy-en-France / Paris,Ile-de-France,France,49.00896,2.554117,Hartsfield-Jackson Atlanta International Airport,Atlanta,Georgia,United States,33.6367,-84.428101
20240922,2024,DL,Delta Air Lines,SkyTeam,B752,DAL1328,ATL,MIA,N697DL,,Hartsfield-Jackson Atlanta International Airport,Atlanta,Georgia,United States,33.6367,-84.428101,Miami International Airport,Miami,Florida,United States,25.796011,-80.289751
20240927,2024,DL,Delta Air Lines,SkyTeam,B752,DAL1332,MIA,ATL,N537US,,Miami International Airport,Miami,Florida,United States,25.796011,-80.289751,Hartsfield-Jackson Atlanta International Airport,Atlanta,Georgia,United States,33.6367,-84.428101
20241026,2024,B6,Jet Blue,Independent,A223,JBU2813,ATL,LGA,N3139J,,Hartsfield-Jackson Atlanta International Airport,Atlanta,Georgia,United States,33.6367,-84.428101,LaGuardia Airport,New York,New York,United States,40.777199,-73.872597
20241026,2024,AA,American Airlines,One World,B738,AAL1698,LGA,MIA,N963AN,https://youtu.be/knJ2jCGjsCU,LaGuardia Airport,New York,New York,United States,40.777199,-73.872597,Miami International Airport,Miami,Florida,United States,25.796011,-80.289751
20241026,2024,AA,American Airlines,One World,A319,AAL1898,MIA,ATL,N829AW,,Miami International Airport,Miami,Florida,United States,25.796011,-80.289751,Hartsfield-Jackson Atlanta International Airport,Atlanta,Georgia,United States,33.6367,-84.428101
20241120,2024,DL,Delta Air Lines,SkyTeam,A321,DAL947,ATL,SAN,N115DN,,Hartsfield-Jackson Atlanta International Airport,Atlanta,Georgia,United States,33.6367,-84.428101,San Diego International Airport,San Diego,California,United States,32.733601,-117.190002
20241124,2024,DL,Delta Air Lines,SkyTeam,A321,DAL731,SAN,ATL,N374DX,,San Diego International Airport,San Diego,California,United States,32.733601,-117.190002,Hartsfield-Jackson Atlanta International Airport,Atlanta,Georgia,United States,33.6367,-84.428101
20241204,2024,AA,American Airlines,One World,A321,AAL2221,ATL,LAX,N153AN,,Hartsfield-Jackson Atlanta International Airport,Atlanta,Georgia,United States,33.6367,-84.428101,Los Angeles International Airport,Los Angeles,California,United States,33.942501,-118.407997
20241204,2024,DL,Delta Air Lines,SkyTeam,A359,DAL93,LAX,BNE,N522DZ,https://youtu.be/DZT-QePKWYA,Los Angeles International Airport,Los Angeles,California,United States,33.942501,-118.407997,Brisbane Airport,Brisbane,Queensland,Australia,-27.384199,153.117004
20241207,2024,CI,China Airlines,SkyTeam,A359,CAL53,BNE,AKL,B-18912,https://youtu.be/jup5LPqDS4g,Brisbane Airport,Brisbane,Queensland,Australia,-27.384199,153.117004,Auckland Airport,Auckland / Mangere,Auckland,New Zealand,-37.01199,174.786331
20241208,2024,JQ,Jet Star,Independent,A21N,JST152,AKL,BNE,VH-OFS,https://youtu.be/nBfVbqahQvw,Auckland Airport,Auckland / Mangere,Auckland,New Zealand,-37.01199,174.786331,Brisbane Airport,Brisbane,Queensland,Australia,-27.384199,153.117004
20241208,2024,DL,Delta Air Lines,SkyTeam,A359,DAL92,BNE,LAX,N518DZ,https://youtu.be/VBzX_8QfAgQ,Brisbane Airport,Brisbane,Queensland,Australia,-27.384199,153.117004,Los Angeles International Airport,Los Angeles,California,United States,33.942501,-118.407997
20241208,2024,DL,Delta Air Lines,SkyTeam,A21N,DAL327,LAX,ATL,N582DN,,Los Angeles International Airport,Los Angeles,California,United States,33.942501,-118.407997,Hartsfield-Jackson Atlanta International Airport,Atlanta,Georgia,United States,33.6367,-84.428101
20250117,2025,DL,Delta Air Lines,SkyTeam,A320,DL1137,ATL,ALB,N360NW,,Hartsfield-Jackson Atlanta International Airport,Atlanta,Georgia,United States,33.6367,-84.428101,Albany International Airport,Albany / Colonie,New York,United States,42.748299,-73.801697
20250120,2025,DL,Delta Air Lines,SkyTeam,A320,DL1137,ALB,ATL,N369NW,,Albany International Airport,Albany / Colonie,New York,United States,42.748299,-73.801697,Hartsfield-Jackson Atlanta International Airport,Atlanta,Georgia,United States,33.6367,-84.428101
20250215,2025,WS,WestJet,SkyTeam,B738,WS1029,ATL,YEG,C-FRWA,https://youtu.be/l-PDmswR6ps,Hartsfield-Jackson Atlanta International Airport,Atlanta,Georgia,United States,33.6367,-84.428101,Edmonton International Airport,Leduc County / Edmonton,Alberta,Canada,53.3097,-113.580002
20250216,2025,AC,Air Canada,Star Alliance,B38M,AC231,YEG,YVR,C-GEHY,https://youtu.be/8KffHckxM0Q,Edmonton International Airport,Leduc County / Edmonton,Alberta,Canada,53.3097,-113.580002,Vancouver International Airport,Richmond / Vancouver,British Columbia,Canada,49.193901,-123.183998
20250216,2025,AC,Air Canada,Star Alliance,B789,AC104,YVR,YYZ,C-FRTU,https://youtu.be/yjAQ3MCEtfQ,Vancouver International Airport,Richmond / Vancouver,British Columbia,Canada,49.193901,-123.183998,Toronto Pearson International Airport,Mississauga / Toronto,Ontario,Canada,43.675935,-79.629421
20250217,2025,DL,Delta Air Lines,SkyTeam,B738,DL2662,YYZ,ATL,N381DN,https://youtu.be/uu65N716-7k,Toronto Pearson International Airport,Mississauga / Toronto,Ontario,Canada,43.675935,-79.629421,Hartsfield-Jackson Atlanta International Airport,Atlanta,Georgia,United States,33.6367,-84.428101
20250301,2025,DL,Delta Air Lines,SkyTeam,B739,DL1155,ATL,BNA,N950DZ,,Hartsfield-Jackson Atlanta International Airport,Atlanta,Georgia,United States,33.6367,-84.428101,Nashville International Airport,Nashville,Tennessee,United States,36.1245,-86.6782
20250301,2025,LF,Contour Airlines,Independent,E135,LF3002,BNA,TUP,N17513,https://youtu.be/SD3NCLJk19k,Nashville International Airport,Nashville,Tennessee,United States,36.1245,-86.6782,Tupelo Regional Airport,Tupelo,Mississippi,United States,34.268101,-88.769897
20250301,2025,LF,Contour Airlines,Independent,E135,LF3007,TUP,DFW,N17513,https://youtu.be/SD3NCLJk19k,Tupelo Regional Airport,Tupelo,Mississippi,United States,34.268101,-88.769897,Dallas Fort Worth International Airport,Dallas-Fort Worth,Texas,United States,32.896801,-97.038002
20250301,2025,F9,Frontier Airlines,Independent,A20N,F92494,DFW,ATL,N342FR,https://youtu.be/9_bpbQJayqY,Dallas Fort Worth International Airport,Dallas-Fort Worth,Texas,United States,32.896801,-97.038002,Hartsfield-Jackson Atlanta International Airport,Atlanta,Georgia,United States,33.6367,-84.428101
20250424,2025,CM,Copa Airlines,Star Alliance,B738,CM891,ATL,PTY,HP-1722CMP,https://youtu.be/AWMTLQiijR0,Hartsfield-Jackson Atlanta International Airport,Atlanta,Georgia,United States,33.6367,-84.428101,Tocumen International Airport,Panama City,Panama Province,Panama,9.07136,-79.383499
20250424,2025,CM,Copa Airlines,Star Alliance,B39M,CM759,PTY,GRU,HP-9902CMP,https://youtu.be/AWMTLQiijR0,Tocumen International Airport,Panama City,Panama Province,Panama,9.07136,-79.383499,Sao Paulo/Guarulhos-Governador Andre Franco Montoro International Airport,Guarulhos / Sao Paulo,Sao Paulo,Brazil,-23.431274,-46.469954
20250425,2025,G3,GOL,Independent,B38M,G31416,GRU,CNF,PS-GPI,https://youtu.be/bZRI-XPcIa4,Sao Paulo/Guarulhos-Governador Andre Franco Montoro International Airport,Guarulhos / Sao Paulo,Sao Paulo,Brazil,-23.431274,-46.469954,Belo Horizonte/Confins-Tancredo Neves International Airport,Confins / Belo Horizonte,Minas Gerais,Brazil,-19.63571,-43.966928
20250425,2025,AD,Azul,Independent,E295,AD4799,CNF,BSB,PS-AEY,https://youtu.be/5FSWZkinEIc,Belo Horizonte/Confins-Tancredo Neves International Airport,Confins / Belo Horizonte,Minas Gerais,Brazil,-19.63571,-43.966928,Brasilia International Airport - Presidente Juscelino Kubitschek,Brasilia,Federal District,Brazil,-15.869167,-47.920834
20250425,2025,AD,Azul,Independent,A20N,AD4085,BSB,BEL,PR-YRH,https://youtu.be/5FSWZkinEIc,Brasilia International Airport - Presidente Juscelino Kubitschek,Brasilia,Federal District,Brazil,-15.869167,-47.920834,Belem/Val-de-Cans-Julio Cezar Ribeiro International Airport,Belem,Para,Brazil,-1.379279,-48.476207
20250426,2025,LA,LATAM,SkyTeam,A320,LA3231,BEL,GRU,PR-MYI,https://youtu.be/gsFDByz7gqM,Belem/Val-de-Cans-Julio Cezar Ribeiro International Airport,Belem,Para,Brazil,-1.379279,-48.476207,Sao Paulo/Guarulhos-Governador Andre Franco Montoro International Airport,Guarulhos / Sao Paulo,Sao Paulo,Brazil,-23.431274,-46.469954
20250427,2025,CM,Copa Airlines,Star Alliance,B39M,CM841,GRU,PTY,HP-9903CMP,https://youtu.be/DatPA_LCFEk,Sao Paulo/Guarulhos-Governador Andre Franco Montoro International Airport,Guarulhos / Sao Paulo,Sao Paulo,Brazil,-23.431274,-46.469954,Tocumen International Airport,Panama City,Panama Province,Panama,9.07136,-79.383499
20250427,2025,CM,Copa Airlines,Star Alliance,B738,CM880,PTY,ATL,HP-1828CMP,https://youtu.be/DatPA_LCFEk,Tocumen International Airport,Panama City,Panama Province,Panama,9.07136,-79.383499,Hartsfield-Jackson Atlanta International Airport,Atlanta,Georgia,United States,33.6367,-84.428101
20250530,2025,DL,Delta Air Lines,SkyTeam,B739,DL1687,ATL,SEA,N879DN,,Hartsfield-Jackson Atlanta International Airport,Atlanta,Georgia,United States,33.6367,-84.428101,Seattle-Tacoma International Airport,SeaTac / Seattle-Tacoma,Washington,United States,47.447943,-122.310276
20250530,2025,DL,Delta Air Lines,SkyTeam,A359,DL69,SEA,TPE,N517DZ,https://youtu.be/whdm3h9Vojs,Seattle-Tacoma International Airport,SeaTac / Seattle-Tacoma,Washington,United States,47.447943,-122.310276,Taiwan Taoyuan International Airport,Taoyuan,Taoyuan City,Taiwan,25.0777,121.233002
20250601,2025,SQ,Singapore Airlines,Star Alliance,B78X,SQ877,TPE,SIN,9V-SCW,https://youtu.be/-jfnJo-wsAU,Taiwan Taoyuan International Airport,Taoyuan,Taoyuan City,Taiwan,25.0777,121.233002,Singapore Changi Airport,Singapore,Singapore,Singapore,1.35019,103.994003
20250602,2025,TR,Scoot,Independent,B789,TR870,SIN,TPE,9V-OJH,https://youtu.be/v9oCXY_zRIw,Singapore Changi Airport,Singapore,Singapore,Singapore,1.35019,103.994003,Taiwan Taoyuan International Airport,Taoyuan,Taoyuan City,Taiwan,25.0777,121.233002
20250602,2025,JX,Starlux Airlines,Independent,A359,JX10,TPE,ONT,B-58501,https://youtu.be/A4RNMUcSRrM,Taiwan Taoyuan International Airport,Taoyuan,Taoyuan City,Taiwan,25.0777,121.233002,Ontario International Airport,Ontario,California,United States,34.056,-117.600998
20250602,2025,DL,Delta Air Lines,SkyTeam,A321,DL828,ONT,ATL,N325DN,,Ontario International Airport,Ontario,California,United States,34.056,-117.600998,Hartsfield-Jackson Atlanta International Airport,Atlanta,Georgia,United States,33.6367,-84.428101
20250623,2025,DL,Delta Air Lines,SkyTeam,A333,DL108,ATL,MAD,N812NW,,Hartsfield-Jackson Atlanta International Airport,Atlanta,Georgia,United States,33.6367,-84.428101,Adolfo Suarez Madrid-Barajas Airport,Madrid,Community of Madrid,Spain,40.493407,-3.572249
20250624,2025,UX,Air Europa,SkyTeam,B738,UX9048,MAD,TFN,EC-MJU,,Adolfo Suarez Madrid-Barajas Airport,Madrid,Community of Madrid,Spain,40.493407,-3.572249,Tenerife North-Ciudad de La Laguna Airport,San Cristobal de La Laguna,Canary Islands,Spain,28.482752,-16.341707
20250629,2025,UX,Air Europa,SkyTeam,B738,UX9045,TFN,MAD,EC-LPR,https://youtu.be/ZAZZnutkwbM,Tenerife North-Ciudad de La Laguna Airport,San Cristobal de La Laguna,Canary Islands,Spain,28.482752,-16.341707,Adolfo Suarez Madrid-Barajas Airport,Madrid,Community of Madrid,Spain,40.493407,-3.572249
20250629,2025,DL,Delta Air Lines,SkyTeam,A333,DL127,MAD,JFK,N817NW,,Adolfo Suarez Madrid-Barajas Airport,Madrid,Community of Madrid,Spain,40.493407,-3.572249,John F. Kennedy International Airport,New York,New York,United States,40.639447,-73.779317
20250629,2025,DL,Delta Air Lines,SkyTeam,B739,DL2293,JFK,ATL,N930DZ,,John F. Kennedy International Airport,New York,New York,United States,40.639447,-73.779317,Hartsfield-Jackson Atlanta International Airport,Atlanta,Georgia,United States,33.6367,-84.428101
20250927,2025,NK,Spirit Airlines,Independent,A20N,NK541,ATL,EWR,N989NK,https://youtu.be/TSOCUULrjDg,Hartsfield-Jackson Atlanta International Airport,Atlanta,Georgia,United States,33.6367,-84.428101,Newark Liberty International Airport,Newark / Elizabeth,New Jersey,United States,40.6894,-74.170545
20250927,2025,DL,Delta Air Lines,SkyTeam,A321,DL2322,EWR,ATL,N330DX,,Newark Liberty International Airport,Newark / Elizabeth,New Jersey,United States,40.6894,-74.170545,Hartsfield-Jackson Atlanta International Airport,Atlanta,Georgia,United States,33.6367,-84.428101
20251023,2025,VS,Virgin Atlantic,SkyTeam,A35K,VS104,ATL,LHR,G-VLUX,https://youtu.be/gTxQ_rJBTP0,Hartsfield-Jackson Atlanta International Airport,Atlanta,Georgia,United States,33.6367,-84.428101,London Heathrow Airport,London / Hillingdon,England,United Kingdom,51.470748,-0.459909
20251024,2025,SK,SAS,SkyTeam,A20N,SK806,LHR,OSL,SE-ROY,https://youtu.be/iz49RWTMUmI,London Heathrow Airport,London / Hillingdon,England,United Kingdom,51.470748,-0.459909,Oslo Airport,Gardermoen / Oslo,Akershus,Norway,60.193901,11.1004
20251026,2025,SK,SAS,SkyTeam,A21N,SK803,OSL,LHR,SE-RZB,https://www.youtube.com/watch?v=FKf0Bdmvlw4,Oslo Airport,Gardermoen / Oslo,Akershus,Norway,60.193901,11.1004,London Heathrow Airport,London / Hillingdon,England,United Kingdom,51.470748,-0.459909
20251026,2025,DL,Delta Air Lines,SkyTeam,A332,DL37,LHR,ATL,N857NW,,London Heathrow Airport,London / Hillingdon,England,United Kingdom,51.470748,-0.459909,Hartsfield-Jackson Atlanta International Airport,Atlanta,Georgia,United States,33.6367,-84.428101
20251107,2025,DL,Delta Air Lines,SkyTeam,A321,DL941,ATL,LAS,N311DN,,Hartsfield-Jackson Atlanta International Airport,Atlanta,Georgia,United States,33.6367,-84.428101,Harry Reid International Airport,Las Vegas / Paradise,Nevada,United States,36.083361,-115.151817
20251110,2025,DL,Delta Air Lines,SkyTeam,A321,DL952,LAS,ATL,N337DN,,Harry Reid International Airport,Las Vegas / Paradise,Nevada,United States,36.083361,-115.151817,Hartsfield-Jackson Atlanta International Airport,Atlanta,Georgia,United States,33.6367,-84.428101
20251203,2025,DL,Delta Air Lines,SkyTeam,A359,DL301,ATL,LAX,N527DN,https://youtu.be/rFsAyZVgKQc,Hartsfield-Jackson Atlanta International Airport,Atlanta,Georgia,United States,33.6367,-84.428101,Los Angeles International Airport,Los Angeles,California,United States,33.942501,-118.407997
20251203,2025,DL,Delta Air Lines,SkyTeam,A359,DL11,LAX,MEL,N527DN,https://youtu.be/rFsAyZVgKQc,Los Angeles International Airport,Los Angeles,California,United States,33.942501,-118.407997,Melbourne Airport,Tullamarine / Melbourne,Victoria,Australia,-37.670732,144.837898
20251207,2025,VA,Virgin Australia,Independent,B738,VA743,MEL,OOL,VH-8VB,,Melbourne Airport,Tullamarine / Melbourne,Victoria,Australia,-37.670732,144.837898,Gold Coast Airport,Bilinga / Gold Coast,Queensland / New South Wales,Australia,-28.165962,153.506641
20251210,2025,QF,Qantas,One World,B738,QF125,BNE,AKL,VH-XZA,https://youtu.be/wMYyxBwSfzQ,Brisbane Airport,Brisbane,Queensland,Australia,-27.384199,153.117004,Auckland Airport,Auckland / Mangere,Auckland,New Zealand,-37.01199,174.786331
20251212,2025,NZ,Air New Zealand,Star Alliance,B789,NZ952,AKL,NAN,ZK-NZF,https://youtu.be/JEM6ifsClcQ,Auckland Airport,Auckland / Mangere,Auckland,New Zealand,-37.01199,174.786331,Nadi International Airport,Nadi,Western Division,Fiji,-17.761822,177.437843
20251214,2025,FJ,Fiji Airways,One World,A359,FJ810,NAN,LAX,DQ-FAJ,https://youtu.be/fPw6dfoRDCc,Nadi International Airport,Nadi,Western Division,Fiji,-17.761822,177.437843,Los Angeles International Airport,Los Angeles,California,United States,33.942501,-118.407997
20251214,2025,DL,Delta Air Lines,SkyTeam,B739,DL715,LAX,ATL,N930DZ,,Los Angeles International Airport,Los Angeles,California,United States,33.942501,-118.407997,Hartsfield-Jackson Atlanta International Airport,Atlanta,Georgia,United States,33.6367,-84.428101
20260102,2026,DL,Delta Air Lines,SkyTeam,A319,DL2389,ATL,ALB,N343NB,,Hartsfield-Jackson Atlanta International Airport,Atlanta,Georgia,United States,33.6367,-84.428101,Albany International Airport,Albany / Colonie,New York,United States,42.748299,-73.801697
20260104,2026,DL,Delta Air Lines,SkyTeam,A319,DL2389,ALB,ATL,N370NB,,Albany International Airport,Albany / Colonie,New York,United States,42.748299,-73.801697,Hartsfield-Jackson Atlanta International Airport,Atlanta,Georgia,United States,33.6367,-84.428101
20260214,2026,KL,KLM,SkyTeam,B772,KL624,ATL,AMS,PH-BQB,https://youtu.be/oPhoQsYE4PI,Hartsfield-Jackson Atlanta International Airport,Atlanta,Georgia,United States,33.6367,-84.428101,Amsterdam Airport Schiphol,Haarlemmermeer / Schiphol,North Holland,Netherlands,52.308601,4.76389
20260215,2026,KL,KLM,SkyTeam,B738,KL1771,AMS,BER,PH-BXM,https://youtu.be/fOJVXv6An1I,Amsterdam Airport Schiphol,Haarlemmermeer / Schiphol,North Holland,Netherlands,52.308601,4.76389,Berlin Brandenburg Airport Willy Brandt,Schonefeld / Berlin,Brandenburg,Germany,52.361738,13.502341
20260216,2026,KL,KLM,SkyTeam,B738,KL1770,BER,AMS,PH-BXU,https://youtu.be/DYpcTFBrbqE,Berlin Brandenburg Airport Willy Brandt,Schonefeld / Berlin,Brandenburg,Germany,52.361738,13.502341,Amsterdam Airport Schiphol,Haarlemmermeer / Schiphol,North Holland,Netherlands,52.308601,4.76389
20260216,2026,KL,KLM,SkyTeam,A21N,KL1003,AMS,LHR,PH-AXB,https://youtu.be/98D-e9VfKw0,Amsterdam Airport Schiphol,Haarlemmermeer / Schiphol,North Holland,Netherlands,52.308601,4.76389,London Heathrow Airport,London / Hillingdon,England,United Kingdom,51.470748,-0.459909
20260216,2026,VS,Virgin Atlantic,SkyTeam,A35K,VS103,LHR,ATL,G-VPOP,https://youtu.be/deNqk8EymAM,London Heathrow Airport,London / Hillingdon,England,United Kingdom,51.470748,-0.459909,Hartsfield-Jackson Atlanta International Airport,Atlanta,Georgia,United States,33.6367,-84.428101
20260226,2026,DL,Delta Air Lines,SkyTeam,A321,DL919,ATL,LAS,N309DN,,Hartsfield-Jackson Atlanta International Airport,Atlanta,Georgia,United States,33.6367,-84.428101,Harry Reid International Airport,Las Vegas / Paradise,Nevada,United States,36.083361,-115.151817
20260301,2026,DL,Delta Air Lines,SkyTeam,A321,DL417,LAS,ATL,N337DN,,Harry Reid International Airport,Las Vegas / Paradise,Nevada,United States,36.083361,-115.151817,Hartsfield-Jackson Atlanta International Airport,Atlanta,Georgia,United States,33.6367,-84.428101
20260513,2026,VS,Virgin Atlantic,SkyTeam,A35K,VS104,ATL,LHR,G-VPOP,https://youtu.be/N35FIxgd1W8,Hartsfield-Jackson Atlanta International Airport,Atlanta,Georgia,United States,33.6367,-84.428101,London Heathrow Airport,London / Hillingdon,England,United Kingdom,51.470748,-0.459909
20260514,2026,VS,Virgin Atlantic,SkyTeam,A35K,VS302,LHR,DEL,G-VPOP,https://youtu.be/ziPuAvMwJAo,London Heathrow Airport,London / Hillingdon,England,United Kingdom,51.470748,-0.459909,Indira Gandhi International Airport,Delhi,National Capital Territory of Delhi,India,28.55563,77.09519
20260516,2026,AI,Air India,Star Alliance,A359,AI2933,DEL,BOM,VT-JRF,https://youtu.be/RbEvw-3o66o,Indira Gandhi International Airport,Delhi,National Capital Territory of Delhi,India,28.55563,77.09519,Chhatrapati Shivaji Maharaj International Airport,Mumbai,Maharashtra,India,19.088699,72.867897
20260516,2026,SQ,Singapore Airlines,Star Alliance,A388,SQ423,BOM,SIN,9V-SKQ,https://youtu.be/Al87VFzqnWU,Chhatrapati Shivaji Maharaj International Airport,Mumbai,Maharashtra,India,19.088699,72.867897,Singapore Changi Airport,Singapore,Singapore,Singapore,1.35019,103.994003
20260517,2026,SQ,Singapore Airlines,Star Alliance,A359,SQ184,SIN,SGN,9V-SMA,,Singapore Changi Airport,Singapore,Singapore,Singapore,1.35019,103.994003,Tan Son Nhat International Airport,Ho Chi Minh City,Ho Chi Minh City,Vietnam,10.8188,106.652
20260518,2026,KE,Korean Airlines,SkyTeam,B77W,KE476,SGN,ICN,HL-8274,,Tan Son Nhat International Airport,Ho Chi Minh City,Ho Chi Minh City,Vietnam,10.8188,106.652,Incheon International Airport,Incheon,Incheon,South Korea,37.469101,126.450996
20260518,2026,KE,Korean Airlines,SkyTeam,B77W,KE33,ICN,ATL,HL-7202,,Incheon International Airport,Incheon,Incheon,South Korea,37.469101,126.450996,Hartsfield-Jackson Atlanta International Airport,Atlanta,Georgia,United States,33.6367,-84.428101
